{
    "lampNumber": "0",
    "lampName": "solarlamp",
    "isRegistered": "true",
    "modus": "Rainbow",
    "akkuladungInProzent": "100",
    "akkuladungInAh": "12.0",
    "ladestaerke": "0.0",
    "isSolarPowered": "false",
    "isGlowShowing": "false",
    "isGlowAll": "false",
    "isGlow1": "false",
    "isGlow2": "false",
    "isGlow3": "false",
    "dimmValue1": "50.0",
    "dimmValue2": "50.0",
    "dimmValue3": "50.0",
    "laufzeit1start": "--:--",
    "laufzeit1ende": "--:--",
    "laufzeit2start": "--:--",
    "laufzeit2ende": "--:--",
    "laufzeit3start": "--:--",
    "laufzeit3ende": "--:--",
    "laufzeit4start": "--:--",
    "laufzeit4ende": "--:--",
    "moduslaufzeit1": "",
    "moduslaufzeit2": "",
    "moduslaufzeit3": "",
    "moduslaufzeit4": "",
    "rotationSliderValue": "0.0",
    "color1": "Color(0xff00ff00)",
    "color2": "Color(0xffff0000)",
    "color3": "Color(0xffe2ff00)",
    "color4": "Color(0xffffffff)",
    "customcolor11": "Color(0xff00ffba)",
    "customcolor12": "Color(0xffff8300)",
    "customcolor13": "Color(0xffff00c3)",
    "customcolor14": "Color(0xff00fff1)",
    "customcolor21": "Color(0xff01ff55)",
    "customcolor22": "Color(0xffff8300)",
    "customcolor23": "Color(0xffff00c3)",
    "customcolor24": "Color(0xff00fff1)",
    "customcolor31": "Color(0xffe2ff00)",
    "customcolor32": "Color(0xffff8300)",
    "customcolor33": "Color(0xffff00c4)",
    "customcolor34": "Color(0xff00fff1)",
    "customcolor41": "Color(0xff00ff55)",
    "customcolor42": "Color(0xffff8300)",
    "customcolor43": "Color(0xffff00c3)",
    "customcolor44": "Color(0xff00fff1)",
    "currentlaufzeitnummer": "",
    "currentlaufzeitstart": "--:--",
    "currentlaufzeitende": "--:--",
    "currentlaufzeitmodus": "-",
    "currentlaufzeitisactive": "false",
    "ipadress": "0.0.0.0",
    "isteilenactive": "false",
    "istrackingactive": "false"
}