{
    "lampNumber": "1",
    "lampName": "Ansh",
    "isRegistered": "true",
    "modus": "Sleeping Motion",
    "akkuladungInProzent": "100",
    "akkuladungInAh": "12.0",
    "ladestaerke": "0.0",
    "isSolarPowered": "false",
    "isGlowShowing": "false",
    "isGlowAll": "false",
    "isGlow1": "false",
    "isGlow2": "false",
    "isGlow3": "false",
    "dimmValue1": "50.0",
    "dimmValue2": "50.0",
    "dimmValue3": "50.0",
    "laufzeit1start": "--:--",
    "laufzeit1ende": "--:--",
    "laufzeit2start": "--:--",
    "laufzeit2ende": "--:--",
    "laufzeit3start": "--:--",
    "laufzeit3ende": "--:--",
    "laufzeit4start": "--:--",
    "laufzeit4ende": "--:--",
    "moduslaufzeit1": "-",
    "moduslaufzeit2": "-",
    "moduslaufzeit3": "-",
    "moduslaufzeit4": "-",
    "rotationSliderValue": "0.0",
    "color1": "null",
    "color2": "null",
    "color3": "null",
    "color4": "null",
    "customcolor11": "null",
    "customcolor12": "null",
    "customcolor13": "null",
    "customcolor14": "null",
    "customcolor21": "null",
    "customcolor22": "null",
    "customcolor23": "null",
    "customcolor24": "null",
    "customcolor31": "null",
    "customcolor32": "null",
    "customcolor33": "null",
    "customcolor34": "null",
    "customcolor41": "null",
    "customcolor42": "null",
    "customcolor43": "null",
    "customcolor44": "null",
    "currentlaufzeitnummer": "--",
    "currentlaufzeitstart": "--",
    "currentlaufzeitende": "--",
    "currentlaufzeitmodus": "--",
    "currentlaufzeitisactive": "false",
    "ipadress": "192.168.1.42",
    "isteilenactive": "false",
    "istrackingactive": "false"
}